[{"model": "contenttypes.contenttype", "pk": 1, "fields": {"app_label": "admin", "model": "logentry"}}, {"model": "contenttypes.contenttype", "pk": 2, "fields": {"app_label": "auth", "model": "permission"}}, {"model": "contenttypes.contenttype", "pk": 3, "fields": {"app_label": "auth", "model": "group"}}, {"model": "contenttypes.contenttype", "pk": 4, "fields": {"app_label": "auth", "model": "user"}}, {"model": "contenttypes.contenttype", "pk": 5, "fields": {"app_label": "contenttypes", "model": "contenttype"}}, {"model": "contenttypes.contenttype", "pk": 6, "fields": {"app_label": "sessions", "model": "session"}}, {"model": "contenttypes.contenttype", "pk": 7, "fields": {"app_label": "catalog", "model": "description"}}, {"model": "contenttypes.contenttype", "pk": 8, "fields": {"app_label": "catalog", "model": "project"}}, {"model": "contenttypes.contenttype", "pk": 9, "fields": {"app_label": "catalog", "model": "task"}}, {"model": "contenttypes.contenttype", "pk": 10, "fields": {"app_label": "catalog", "model": "user"}}, {"model": "catalog.user", "pk": 1, "fields": {"first_name": "firstname1", "last_name": "lastname1"}}, {"model": "catalog.user", "pk": 2, "fields": {"first_name": "firstname2", "last_name": "lastname2"}}, {"model": "catalog.user", "pk": 3, "fields": {"first_name": "firstname3", "last_name": "lastname3"}}, {"model": "catalog.user", "pk": 4, "fields": {"first_name": "firstname4", "last_name": "lastname4"}}, {"model": "catalog.user", "pk": 5, "fields": {"first_name": "firstname5", "last_name": "lastname5"}}, {"model": "catalog.user", "pk": 6, "fields": {"first_name": "firstname6", "last_name": "lastname6"}}, {"model": "catalog.user", "pk": 7, "fields": {"first_name": "firstname7", "last_name": "lastname7"}}, {"model": "catalog.user", "pk": 8, "fields": {"first_name": "firstname8", "last_name": "lastname8"}}, {"model": "catalog.user", "pk": 9, "fields": {"first_name": "firstname9", "last_name": "lastname9"}}, {"model": "catalog.user", "pk": 10, "fields": {"first_name": "firstname10", "last_name": "lastname10"}}, {"model": "catalog.project", "pk": 1, "fields": {"name": "project1", "author": 5}}, {"model": "catalog.project", "pk": 2, "fields": {"name": "project2", "author": 10}}, {"model": "catalog.task", "pk": 1, "fields": {"purpose": "purpose1", "project": 1, "status": "Ready", "author": 1, "worker": 2, "added_at": "2019-05-03T10:44:45Z"}}, {"model": "catalog.task", "pk": 2, "fields": {"purpose": "purpose2", "project": 1, "status": "Being tested", "author": 5, "worker": 6, "added_at": "2019-05-02T18:22:43Z"}}, {"model": "catalog.task", "pk": 3, "fields": {"purpose": "purpose3", "project": 1, "status": "Canceled", "author": 2, "worker": 10, "added_at": "2019-05-04T11:31:41Z"}}, {"model": "catalog.task", "pk": 4, "fields": {"purpose": "purpose4", "project": 1, "status": "In progress", "author": 1, "worker": 5, "added_at": "2019-05-01T10:03:57Z"}}, {"model": "catalog.task", "pk": 5, "fields": {"purpose": "purpose5", "project": 1, "status": "Completed", "author": 7, "worker": 2, "added_at": "2019-05-04T01:37:44Z"}}, {"model": "catalog.task", "pk": 6, "fields": {"purpose": "purpose6", "project": 2, "status": "New", "author": 1, "worker": 1, "added_at": "2019-05-05T05:55:52Z"}}, {"model": "catalog.task", "pk": 7, "fields": {"purpose": "purpose7", "project": 2, "status": "Ready", "author": 7, "worker": 3, "added_at": "2019-05-04T02:28:45Z"}}, {"model": "catalog.task", "pk": 8, "fields": {"purpose": "purpose8", "project": 2, "status": "Completed", "author": 5, "worker": 1, "added_at": "2019-05-03T03:47:32Z"}}, {"model": "catalog.task", "pk": 9, "fields": {"purpose": "purpose9", "project": 2, "status": "Ready", "author": 9, "worker": 4, "added_at": "2019-05-03T18:28:08Z"}}, {"model": "catalog.task", "pk": 10, "fields": {"purpose": "purpose10", "project": 2, "status": "Being tested", "author": 10, "worker": 1, "added_at": "2019-05-01T06:25:08Z"}}, {"model": "catalog.description", "pk": 1, "fields": {"description": "description1", "task": 1, "author": 3, "added_at": "2019-05-10T23:40:50Z"}}, {"model": "catalog.description", "pk": 2, "fields": {"description": "description2", "task": 1, "author": 6, "added_at": "2019-05-09T03:03:36Z"}}, {"model": "catalog.description", "pk": 3, "fields": {"description": "description3", "task": 1, "author": 2, "added_at": "2019-05-09T04:09:52Z"}}, {"model": "catalog.description", "pk": 4, "fields": {"description": "description4", "task": 1, "author": 8, "added_at": "2019-05-09T19:39:38Z"}}, {"model": "catalog.description", "pk": 5, "fields": {"description": "description5", "task": 1, "author": 3, "added_at": "2019-05-07T23:37:26Z"}}, {"model": "catalog.description", "pk": 6, "fields": {"description": "description6", "task": 1, "author": 1, "added_at": "2019-05-06T02:09:37Z"}}, {"model": "catalog.description", "pk": 7, "fields": {"description": "description7", "task": 1, "author": 2, "added_at": "2019-05-10T21:42:42Z"}}, {"model": "catalog.description", "pk": 8, "fields": {"description": "description8", "task": 1, "author": 2, "added_at": "2019-05-10T22:25:35Z"}}, {"model": "catalog.description", "pk": 9, "fields": {"description": "description9", "task": 1, "author": 8, "added_at": "2019-05-07T08:16:28Z"}}, {"model": "catalog.description", "pk": 10, "fields": {"description": "description10", "task": 1, "author": 4, "added_at": "2019-05-06T02:24:37Z"}}, {"model": "catalog.description", "pk": 11, "fields": {"description": "description11", "task": 2, "author": 4, "added_at": "2019-05-10T11:21:09Z"}}, {"model": "catalog.description", "pk": 12, "fields": {"description": "description12", "task": 2, "author": 1, "added_at": "2019-05-08T01:58:42Z"}}, {"model": "catalog.description", "pk": 13, "fields": {"description": "description13", "task": 2, "author": 4, "added_at": "2019-05-08T23:05:36Z"}}, {"model": "catalog.description", "pk": 14, "fields": {"description": "description14", "task": 2, "author": 10, "added_at": "2019-05-10T05:15:16Z"}}, {"model": "catalog.description", "pk": 15, "fields": {"description": "description15", "task": 2, "author": 5, "added_at": "2019-05-10T10:21:32Z"}}, {"model": "catalog.description", "pk": 16, "fields": {"description": "description16", "task": 2, "author": 1, "added_at": "2019-05-08T15:01:26Z"}}, {"model": "catalog.description", "pk": 17, "fields": {"description": "description17", "task": 2, "author": 1, "added_at": "2019-05-06T17:56:42Z"}}, {"model": "catalog.description", "pk": 18, "fields": {"description": "description18", "task": 2, "author": 5, "added_at": "2019-05-07T02:38:01Z"}}, {"model": "catalog.description", "pk": 19, "fields": {"description": "description19", "task": 2, "author": 8, "added_at": "2019-05-09T13:23:51Z"}}, {"model": "catalog.description", "pk": 20, "fields": {"description": "description20", "task": 2, "author": 5, "added_at": "2019-05-08T16:59:49Z"}}, {"model": "catalog.description", "pk": 21, "fields": {"description": "description21", "task": 3, "author": 3, "added_at": "2019-05-08T00:35:44Z"}}, {"model": "catalog.description", "pk": 22, "fields": {"description": "description22", "task": 3, "author": 2, "added_at": "2019-05-10T05:21:01Z"}}, {"model": "catalog.description", "pk": 23, "fields": {"description": "description23", "task": 3, "author": 5, "added_at": "2019-05-08T22:05:50Z"}}, {"model": "catalog.description", "pk": 24, "fields": {"description": "description24", "task": 3, "author": 3, "added_at": "2019-05-09T02:57:54Z"}}, {"model": "catalog.description", "pk": 25, "fields": {"description": "description25", "task": 3, "author": 3, "added_at": "2019-05-06T10:13:24Z"}}, {"model": "catalog.description", "pk": 26, "fields": {"description": "description26", "task": 3, "author": 7, "added_at": "2019-05-07T02:58:57Z"}}, {"model": "catalog.description", "pk": 27, "fields": {"description": "description27", "task": 3, "author": 1, "added_at": "2019-05-09T15:42:53Z"}}, {"model": "catalog.description", "pk": 28, "fields": {"description": "description28", "task": 3, "author": 2, "added_at": "2019-05-09T07:27:21Z"}}, {"model": "catalog.description", "pk": 29, "fields": {"description": "description29", "task": 3, "author": 3, "added_at": "2019-05-10T17:13:58Z"}}, {"model": "catalog.description", "pk": 30, "fields": {"description": "description30", "task": 3, "author": 8, "added_at": "2019-05-07T04:05:10Z"}}, {"model": "catalog.description", "pk": 31, "fields": {"description": "description31", "task": 4, "author": 6, "added_at": "2019-05-06T04:59:37Z"}}, {"model": "catalog.description", "pk": 32, "fields": {"description": "description32", "task": 4, "author": 7, "added_at": "2019-05-10T08:16:35Z"}}, {"model": "catalog.description", "pk": 33, "fields": {"description": "description33", "task": 4, "author": 9, "added_at": "2019-05-06T16:41:57Z"}}, {"model": "catalog.description", "pk": 34, "fields": {"description": "description34", "task": 4, "author": 3, "added_at": "2019-05-06T04:47:54Z"}}, {"model": "catalog.description", "pk": 35, "fields": {"description": "description35", "task": 4, "author": 6, "added_at": "2019-05-07T05:28:58Z"}}, {"model": "catalog.description", "pk": 36, "fields": {"description": "description36", "task": 4, "author": 10, "added_at": "2019-05-06T04:43:57Z"}}, {"model": "catalog.description", "pk": 37, "fields": {"description": "description37", "task": 4, "author": 3, "added_at": "2019-05-10T04:45:15Z"}}, {"model": "catalog.description", "pk": 38, "fields": {"description": "description38", "task": 4, "author": 5, "added_at": "2019-05-09T00:33:10Z"}}, {"model": "catalog.description", "pk": 39, "fields": {"description": "description39", "task": 4, "author": 4, "added_at": "2019-05-07T19:29:27Z"}}, {"model": "catalog.description", "pk": 40, "fields": {"description": "description40", "task": 4, "author": 1, "added_at": "2019-05-08T04:07:05Z"}}, {"model": "catalog.description", "pk": 41, "fields": {"description": "description41", "task": 5, "author": 9, "added_at": "2019-05-10T22:06:39Z"}}, {"model": "catalog.description", "pk": 42, "fields": {"description": "description42", "task": 5, "author": 3, "added_at": "2019-05-09T20:54:36Z"}}, {"model": "catalog.description", "pk": 43, "fields": {"description": "description43", "task": 5, "author": 4, "added_at": "2019-05-09T14:11:40Z"}}, {"model": "catalog.description", "pk": 44, "fields": {"description": "description44", "task": 5, "author": 7, "added_at": "2019-05-07T12:31:00Z"}}, {"model": "catalog.description", "pk": 45, "fields": {"description": "description45", "task": 5, "author": 6, "added_at": "2019-05-06T05:58:17Z"}}, {"model": "catalog.description", "pk": 46, "fields": {"description": "description46", "task": 5, "author": 7, "added_at": "2019-05-06T10:43:01Z"}}, {"model": "catalog.description", "pk": 47, "fields": {"description": "description47", "task": 5, "author": 7, "added_at": "2019-05-07T22:49:11Z"}}, {"model": "catalog.description", "pk": 48, "fields": {"description": "description48", "task": 5, "author": 4, "added_at": "2019-05-08T08:29:30Z"}}, {"model": "catalog.description", "pk": 49, "fields": {"description": "description49", "task": 5, "author": 2, "added_at": "2019-05-09T11:14:37Z"}}, {"model": "catalog.description", "pk": 50, "fields": {"description": "description50", "task": 5, "author": 7, "added_at": "2019-05-10T03:45:11Z"}}, {"model": "catalog.description", "pk": 51, "fields": {"description": "description51", "task": 6, "author": 2, "added_at": "2019-05-07T11:17:47Z"}}, {"model": "catalog.description", "pk": 52, "fields": {"description": "description52", "task": 6, "author": 2, "added_at": "2019-05-10T11:51:35Z"}}, {"model": "catalog.description", "pk": 53, "fields": {"description": "description53", "task": 6, "author": 5, "added_at": "2019-05-08T01:14:19Z"}}, {"model": "catalog.description", "pk": 54, "fields": {"description": "description54", "task": 6, "author": 5, "added_at": "2019-05-07T20:05:16Z"}}, {"model": "catalog.description", "pk": 55, "fields": {"description": "description55", "task": 6, "author": 8, "added_at": "2019-05-07T15:49:21Z"}}, {"model": "catalog.description", "pk": 56, "fields": {"description": "description56", "task": 6, "author": 1, "added_at": "2019-05-08T20:15:44Z"}}, {"model": "catalog.description", "pk": 57, "fields": {"description": "description57", "task": 6, "author": 8, "added_at": "2019-05-07T13:47:10Z"}}, {"model": "catalog.description", "pk": 58, "fields": {"description": "description58", "task": 6, "author": 1, "added_at": "2019-05-08T20:08:59Z"}}, {"model": "catalog.description", "pk": 59, "fields": {"description": "description59", "task": 6, "author": 2, "added_at": "2019-05-06T10:32:55Z"}}, {"model": "catalog.description", "pk": 60, "fields": {"description": "description60", "task": 6, "author": 8, "added_at": "2019-05-07T16:43:56Z"}}, {"model": "catalog.description", "pk": 61, "fields": {"description": "description61", "task": 7, "author": 3, "added_at": "2019-05-06T00:29:50Z"}}, {"model": "catalog.description", "pk": 62, "fields": {"description": "description62", "task": 7, "author": 4, "added_at": "2019-05-08T02:11:00Z"}}, {"model": "catalog.description", "pk": 63, "fields": {"description": "description63", "task": 7, "author": 3, "added_at": "2019-05-10T18:22:05Z"}}, {"model": "catalog.description", "pk": 64, "fields": {"description": "description64", "task": 7, "author": 6, "added_at": "2019-05-10T19:47:13Z"}}, {"model": "catalog.description", "pk": 65, "fields": {"description": "description65", "task": 7, "author": 7, "added_at": "2019-05-07T21:21:50Z"}}, {"model": "catalog.description", "pk": 66, "fields": {"description": "description66", "task": 7, "author": 9, "added_at": "2019-05-10T17:12:20Z"}}, {"model": "catalog.description", "pk": 67, "fields": {"description": "description67", "task": 7, "author": 5, "added_at": "2019-05-07T06:56:53Z"}}, {"model": "catalog.description", "pk": 68, "fields": {"description": "description68", "task": 7, "author": 10, "added_at": "2019-05-06T05:44:42Z"}}, {"model": "catalog.description", "pk": 69, "fields": {"description": "description69", "task": 7, "author": 3, "added_at": "2019-05-10T07:27:59Z"}}, {"model": "catalog.description", "pk": 70, "fields": {"description": "description70", "task": 7, "author": 1, "added_at": "2019-05-09T11:31:14Z"}}, {"model": "catalog.description", "pk": 71, "fields": {"description": "description71", "task": 8, "author": 8, "added_at": "2019-05-10T11:36:04Z"}}, {"model": "catalog.description", "pk": 72, "fields": {"description": "description72", "task": 8, "author": 8, "added_at": "2019-05-08T18:05:57Z"}}, {"model": "catalog.description", "pk": 73, "fields": {"description": "description73", "task": 8, "author": 2, "added_at": "2019-05-07T17:29:00Z"}}, {"model": "catalog.description", "pk": 74, "fields": {"description": "description74", "task": 8, "author": 5, "added_at": "2019-05-07T01:11:41Z"}}, {"model": "catalog.description", "pk": 75, "fields": {"description": "description75", "task": 8, "author": 1, "added_at": "2019-05-07T04:10:11Z"}}, {"model": "catalog.description", "pk": 76, "fields": {"description": "description76", "task": 8, "author": 3, "added_at": "2019-05-08T03:48:22Z"}}, {"model": "catalog.description", "pk": 77, "fields": {"description": "description77", "task": 8, "author": 5, "added_at": "2019-05-08T19:59:16Z"}}, {"model": "catalog.description", "pk": 78, "fields": {"description": "description78", "task": 8, "author": 3, "added_at": "2019-05-10T10:03:31Z"}}, {"model": "catalog.description", "pk": 79, "fields": {"description": "description79", "task": 8, "author": 4, "added_at": "2019-05-06T11:25:56Z"}}, {"model": "catalog.description", "pk": 80, "fields": {"description": "description80", "task": 8, "author": 8, "added_at": "2019-05-09T17:27:28Z"}}, {"model": "catalog.description", "pk": 81, "fields": {"description": "description81", "task": 9, "author": 6, "added_at": "2019-05-09T18:30:29Z"}}, {"model": "catalog.description", "pk": 82, "fields": {"description": "description82", "task": 9, "author": 3, "added_at": "2019-05-09T23:14:00Z"}}, {"model": "catalog.description", "pk": 83, "fields": {"description": "description83", "task": 9, "author": 6, "added_at": "2019-05-06T21:16:36Z"}}, {"model": "catalog.description", "pk": 84, "fields": {"description": "description84", "task": 9, "author": 6, "added_at": "2019-05-08T10:23:34Z"}}, {"model": "catalog.description", "pk": 85, "fields": {"description": "description85", "task": 9, "author": 3, "added_at": "2019-05-07T07:01:22Z"}}, {"model": "catalog.description", "pk": 86, "fields": {"description": "description86", "task": 9, "author": 3, "added_at": "2019-05-10T12:56:13Z"}}, {"model": "catalog.description", "pk": 87, "fields": {"description": "description87", "task": 9, "author": 3, "added_at": "2019-05-08T02:45:15Z"}}, {"model": "catalog.description", "pk": 88, "fields": {"description": "description88", "task": 9, "author": 1, "added_at": "2019-05-09T14:17:59Z"}}, {"model": "catalog.description", "pk": 89, "fields": {"description": "description89", "task": 9, "author": 1, "added_at": "2019-05-09T13:32:49Z"}}, {"model": "catalog.description", "pk": 90, "fields": {"description": "description90", "task": 9, "author": 3, "added_at": "2019-05-06T02:06:48Z"}}, {"model": "catalog.description", "pk": 91, "fields": {"description": "description91", "task": 10, "author": 8, "added_at": "2019-05-09T07:13:59Z"}}, {"model": "catalog.description", "pk": 92, "fields": {"description": "description92", "task": 10, "author": 1, "added_at": "2019-05-07T11:09:12Z"}}, {"model": "catalog.description", "pk": 93, "fields": {"description": "description93", "task": 10, "author": 3, "added_at": "2019-05-08T18:57:58Z"}}, {"model": "catalog.description", "pk": 94, "fields": {"description": "description94", "task": 10, "author": 9, "added_at": "2019-05-09T00:46:13Z"}}, {"model": "catalog.description", "pk": 95, "fields": {"description": "description95", "task": 10, "author": 4, "added_at": "2019-05-09T02:58:52Z"}}, {"model": "catalog.description", "pk": 96, "fields": {"description": "description96", "task": 10, "author": 5, "added_at": "2019-05-07T00:55:18Z"}}, {"model": "catalog.description", "pk": 97, "fields": {"description": "description97", "task": 10, "author": 9, "added_at": "2019-05-09T07:45:10Z"}}, {"model": "catalog.description", "pk": 98, "fields": {"description": "description98", "task": 10, "author": 10, "added_at": "2019-05-10T11:47:37Z"}}, {"model": "catalog.description", "pk": 99, "fields": {"description": "description99", "task": 10, "author": 6, "added_at": "2019-05-09T11:05:00Z"}}, {"model": "catalog.description", "pk": 100, "fields": {"description": "description100", "task": 10, "author": 8, "added_at": "2019-05-06T14:23:38Z"}}, {"model": "auth.permission", "pk": 1, "fields": {"name": "Can add log entry", "content_type": 1, "codename": "add_logentry"}}, {"model": "auth.permission", "pk": 2, "fields": {"name": "Can change log entry", "content_type": 1, "codename": "change_logentry"}}, {"model": "auth.permission", "pk": 3, "fields": {"name": "Can delete log entry", "content_type": 1, "codename": "delete_logentry"}}, {"model": "auth.permission", "pk": 4, "fields": {"name": "Can view log entry", "content_type": 1, "codename": "view_logentry"}}, {"model": "auth.permission", "pk": 5, "fields": {"name": "Can add permission", "content_type": 2, "codename": "add_permission"}}, {"model": "auth.permission", "pk": 6, "fields": {"name": "Can change permission", "content_type": 2, "codename": "change_permission"}}, {"model": "auth.permission", "pk": 7, "fields": {"name": "Can delete permission", "content_type": 2, "codename": "delete_permission"}}, {"model": "auth.permission", "pk": 8, "fields": {"name": "Can view permission", "content_type": 2, "codename": "view_permission"}}, {"model": "auth.permission", "pk": 9, "fields": {"name": "Can add group", "content_type": 3, "codename": "add_group"}}, {"model": "auth.permission", "pk": 10, "fields": {"name": "Can change group", "content_type": 3, "codename": "change_group"}}, {"model": "auth.permission", "pk": 11, "fields": {"name": "Can delete group", "content_type": 3, "codename": "delete_group"}}, {"model": "auth.permission", "pk": 12, "fields": {"name": "Can view group", "content_type": 3, "codename": "view_group"}}, {"model": "auth.permission", "pk": 13, "fields": {"name": "Can add user", "content_type": 4, "codename": "add_user"}}, {"model": "auth.permission", "pk": 14, "fields": {"name": "Can change user", "content_type": 4, "codename": "change_user"}}, {"model": "auth.permission", "pk": 15, "fields": {"name": "Can delete user", "content_type": 4, "codename": "delete_user"}}, {"model": "auth.permission", "pk": 16, "fields": {"name": "Can view user", "content_type": 4, "codename": "view_user"}}, {"model": "auth.permission", "pk": 17, "fields": {"name": "Can add content type", "content_type": 5, "codename": "add_contenttype"}}, {"model": "auth.permission", "pk": 18, "fields": {"name": "Can change content type", "content_type": 5, "codename": "change_contenttype"}}, {"model": "auth.permission", "pk": 19, "fields": {"name": "Can delete content type", "content_type": 5, "codename": "delete_contenttype"}}, {"model": "auth.permission", "pk": 20, "fields": {"name": "Can view content type", "content_type": 5, "codename": "view_contenttype"}}, {"model": "auth.permission", "pk": 21, "fields": {"name": "Can add session", "content_type": 6, "codename": "add_session"}}, {"model": "auth.permission", "pk": 22, "fields": {"name": "Can change session", "content_type": 6, "codename": "change_session"}}, {"model": "auth.permission", "pk": 23, "fields": {"name": "Can delete session", "content_type": 6, "codename": "delete_session"}}, {"model": "auth.permission", "pk": 24, "fields": {"name": "Can view session", "content_type": 6, "codename": "view_session"}}, {"model": "auth.permission", "pk": 25, "fields": {"name": "Can add description", "content_type": 7, "codename": "add_description"}}, {"model": "auth.permission", "pk": 26, "fields": {"name": "Can change description", "content_type": 7, "codename": "change_description"}}, {"model": "auth.permission", "pk": 27, "fields": {"name": "Can delete description", "content_type": 7, "codename": "delete_description"}}, {"model": "auth.permission", "pk": 28, "fields": {"name": "Can view description", "content_type": 7, "codename": "view_description"}}, {"model": "auth.permission", "pk": 29, "fields": {"name": "Can add project", "content_type": 8, "codename": "add_project"}}, {"model": "auth.permission", "pk": 30, "fields": {"name": "Can change project", "content_type": 8, "codename": "change_project"}}, {"model": "auth.permission", "pk": 31, "fields": {"name": "Can delete project", "content_type": 8, "codename": "delete_project"}}, {"model": "auth.permission", "pk": 32, "fields": {"name": "Can view project", "content_type": 8, "codename": "view_project"}}, {"model": "auth.permission", "pk": 33, "fields": {"name": "Can add task", "content_type": 9, "codename": "add_task"}}, {"model": "auth.permission", "pk": 34, "fields": {"name": "Can change task", "content_type": 9, "codename": "change_task"}}, {"model": "auth.permission", "pk": 35, "fields": {"name": "Can delete task", "content_type": 9, "codename": "delete_task"}}, {"model": "auth.permission", "pk": 36, "fields": {"name": "Can view task", "content_type": 9, "codename": "view_task"}}, {"model": "auth.permission", "pk": 37, "fields": {"name": "Can add user", "content_type": 10, "codename": "add_user"}}, {"model": "auth.permission", "pk": 38, "fields": {"name": "Can change user", "content_type": 10, "codename": "change_user"}}, {"model": "auth.permission", "pk": 39, "fields": {"name": "Can delete user", "content_type": 10, "codename": "delete_user"}}, {"model": "auth.permission", "pk": 40, "fields": {"name": "Can view user", "content_type": 10, "codename": "view_user"}}]